"接口编号","接口名称","业务方向","报文区段","报文层级","字段名","字段说明","必填","数据类型","格式或规则"
"JZT-01","物料主数据同步","本方→九州通","请求字段","记录","Con_Id","委托方ID","是","待九州通确认",""
"JZT-01","物料主数据同步","本方→九州通","请求字段","记录","Ldc_Id","物料中心ID","是","待九州通确认",""
"JZT-01","物料主数据同步","本方→九州通","请求字段","记录","Creator","申请人","是","待九州通确认",""
"JZT-01","物料主数据同步","本方→九州通","请求字段","记录","Created_Time","申请时间","是","待九州通确认","格式 YYYY-MM-DD HH:MM:SS"
"JZT-01","物料主数据同步","本方→九州通","请求字段","记录","LIUS_NO","流水号","是","待九州通确认","调用方生成且不可重复"
"JZT-01","物料主数据同步","本方→九州通","请求字段","记录","Goods_No","商品编号","是","待九州通确认",""
"JZT-01","物料主数据同步","本方→九州通","请求字段","记录","Goods_Id","商品id","是","待九州通确认",""
"JZT-01","物料主数据同步","本方→九州通","请求字段","记录","Goods_Name","中文名","是","待九州通确认",""
"JZT-01","物料主数据同步","本方→九州通","请求字段","记录","Drug_Spec","药品规格","否","待九州通确认",""
"JZT-01","物料主数据同步","本方→九州通","请求字段","记录","Manufacturer","生产厂家","是","待九州通确认",""
"JZT-01","物料主数据同步","本方→九州通","请求字段","记录","Package_Qty","包装数量","是","待九州通确认",""
"JZT-01","物料主数据同步","本方→九州通","请求字段","记录","Package_Unit","包装单位","是","待九州通确认",""
"JZT-01","物料主数据同步","本方→九州通","请求字段","记录","Approval_No","批准文号/注册证号","是","待九州通确认",""
"JZT-01","物料主数据同步","本方→九州通","请求字段","记录","Approval_No_Valid_Until","批准文号/注册证号有效期至","是","待九州通确认","格式 YYYY-MM-DD"
"JZT-01","物料主数据同步","本方→九州通","请求字段","记录","Dosage_Form","剂型 传中文","是","待九州通确认",""
"JZT-01","物料主数据同步","本方→九州通","请求字段","记录","Drug_Cate","药品大类","是","待九州通确认","代码值及码表待九州通确认"
"JZT-01","物料主数据同步","本方→九州通","请求字段","记录","M_Package_Qty","中包装数量","是","待九州通确认",""
"JZT-01","物料主数据同步","本方→九州通","请求字段","记录","Storage_Condition","存储条件","是","待九州通确认",""
"JZT-01","物料主数据同步","本方→九州通","请求字段","记录","Refrigeration_Type","温层","是","待九州通确认",""
"JZT-01","物料主数据同步","本方→九州通","请求字段","记录","Is_Chilleddrug","是否冷藏药品","是","待九州通确认",""
"JZT-01","物料主数据同步","本方→九州通","请求字段","记录","Is_Valuabledrug","是否贵重药品","是","待九州通确认",""
"JZT-01","物料主数据同步","本方→九州通","请求字段","记录","Is_Importeddrug","是否进口药品","是","待九州通确认",""
"JZT-01","物料主数据同步","本方→九州通","请求字段","记录","Is_Psychotropicdrug","是否精神药品","是","待九州通确认",""
"JZT-01","物料主数据同步","本方→九州通","请求字段","记录","Is_2c_Psychotropicdrug","是否二类精神药品","是","待九州通确认",""
"JZT-01","物料主数据同步","本方→九州通","请求字段","记录","Is_Specialcontroldrug","是否特管药品","是","待九州通确认",""
"JZT-01","物料主数据同步","本方→九州通","请求字段","记录","Is_Hydroxystenozole","是否蛋肽药品","是","待九州通确认",""
"JZT-01","物料主数据同步","本方→九州通","请求字段","记录","Goods_Type","商品类型","是","待九州通确认","代码值及码表待九州通确认"
"JZT-01","物料主数据同步","本方→九州通","请求字段","记录","Download_Side","单据下传方","是","待九州通确认","固定值 1"
"JZT-01","物料主数据同步","本方→九州通","请求字段","记录","Tcm_Producing_Area","中药产地","否","待九州通确认",""
"JZT-01","物料主数据同步","本方→九州通","请求字段","记录","Split_Granularity","拆分粒度","是","待九州通确认",""
"JZT-01","物料主数据同步","本方→九州通","请求字段","记录","Min_InvoiceUnit","最小开票单位","是","待九州通确认","固定值 1"
"JZT-01","物料主数据同步","本方→九州通","请求字段","记录","Is_Primary_Control","是否重点控制（养护）","是","待九州通确认",""
"JZT-01","物料主数据同步","本方→九州通","请求字段","记录","Prescription_Cate","处方分类","否","待九州通确认",""
"JZT-01","物料主数据同步","本方→九州通","请求字段","记录","marketingAuthorisationHolder","上市许可持有人","否","待九州通确认",""
"JZT-01","物料主数据同步","本方→九州通","请求字段","记录","Storage_Attention","存储注意事项","否","待九州通确认",""
"JZT-01","物料主数据同步","本方→九州通","请求字段","记录","Emc_Type","监管类型","否","待九州通确认",""
"JZT-01","物料主数据同步","本方→九州通","请求字段","记录","Producing_Area","产地","否","待九州通确认",""
"JZT-02","客户及供应商主数据同步","本方→九州通","请求字段","记录","Creator","申请人","是","待九州通确认",""
"JZT-02","客户及供应商主数据同步","本方→九州通","请求字段","记录","Created_Time","申请时间","是","待九州通确认","格式 YYYY-MM-DD HH:MM:SS"
"JZT-02","客户及供应商主数据同步","本方→九州通","请求字段","记录","Con_Id","委托方ID","是","待九州通确认",""
"JZT-02","客户及供应商主数据同步","本方→九州通","请求字段","记录","LIUS_NO","流水号","是","待九州通确认","调用方生成且不可重复"
"JZT-02","客户及供应商主数据同步","本方→九州通","请求字段","记录","Ssa_No","客户编号","是","待九州通确认",""
"JZT-02","客户及供应商主数据同步","本方→九州通","请求字段","记录","Ssa_Name","客户名称","是","待九州通确认",""
"JZT-02","客户及供应商主数据同步","本方→九州通","请求字段","记录","Ssa_Addr_Phone","客户注册地址","否","待九州通确认",""
"JZT-02","客户及供应商主数据同步","本方→九州通","请求字段","记录","Ssa_Sign","客户标示","是","待九州通确认","1=供应商，2=客户"
"JZT-02","客户及供应商主数据同步","本方→九州通","请求字段","记录","Is_Hospital_Customer","是否医院客户","是","待九州通确认",""
"JZT-02","客户及供应商主数据同步","本方→九州通","请求字段","记录","Is_Active","是否活动","是","待九州通确认","Y/N，原设计默认 Y"
"JZT-02","客户及供应商主数据同步","本方→九州通","请求字段","记录","Status","状态","是","待九州通确认","原设计默认 2"
"JZT-02","客户及供应商主数据同步","本方→九州通","请求字段","记录","Is_Default","是否默认配送地址","是","待九州通确认","Y/N，原设计默认 Y"
"JZT-02","客户及供应商主数据同步","本方→九州通","请求字段","记录","Download_Side","单据下传方","是","待九州通确认","固定值 1"
"JZT-02","客户及供应商主数据同步","本方→九州通","请求字段","记录","Business_Licence_No","营业执照号","否","待九州通确认",""
"JZT-02","客户及供应商主数据同步","本方→九州通","请求字段","记录","Business_Licence_No_Valid_Until","营业执照号有效期至","否","待九州通确认","格式 YYYY-MM-DD"
"JZT-02","客户及供应商主数据同步","本方→九州通","请求字段","记录","Production_License_No","生产/经营许可证号","否","待九州通确认","多个许可证号以 / 分隔"
"JZT-02","客户及供应商主数据同步","本方→九州通","请求字段","记录","Production_License_No_Valid_Until","生产/经营许可证号有效期至","否","待九州通确认","多个证照时取最近到期日"
"JZT-02","客户及供应商主数据同步","本方→九州通","请求字段","记录","medicalInstitutionLicense","医疗机构许可证","否","待九州通确认",""
"JZT-02","客户及供应商主数据同步","本方→九州通","请求字段","记录","medicalInstitutionLicense_ValidUntil","医疗机构有效期至","否","待九州通确认","格式 YYYY-MM-DD"
"JZT-02","客户及供应商主数据同步","本方→九州通","请求字段","记录","mtaManufacturerLicense","器械经营许可证","否","待九州通确认",""
"JZT-02","客户及供应商主数据同步","本方→九州通","请求字段","记录","mtaManufacturerLicense_ValidUntil","器械经营许可证有效期至","否","待九州通确认","格式 YYYY-MM-DD"
"JZT-02","客户及供应商主数据同步","本方→九州通","请求字段","记录","registrationCertificateLicense","备案凭证编号","否","待九州通确认",""
"JZT-02","客户及供应商主数据同步","本方→九州通","请求字段","记录","registrationCertificateLicense_ValidUntil","备案凭证编号有效期至","否","待九州通确认","格式 YYYY-MM-DD"
"JZT-02","客户及供应商主数据同步","本方→九州通","请求字段","记录","Address","仓库地址 配送用的","是","待九州通确认","原设计固定值 -，新系统需确认"
"JZT-02","客户及供应商主数据同步","本方→九州通","请求字段","记录","Address_Shortname","地址简称","是","待九州通确认","原设计固定值 -，新系统需确认"
"JZT-02","客户及供应商主数据同步","本方→九州通","请求字段","记录","Contact_Name","联系人 配送用的","是","待九州通确认","原设计固定值 -，新系统需确认"
"JZT-02","客户及供应商主数据同步","本方→九州通","请求字段","记录","Contact_Phone","联系人联系方式 配送用的","是","待九州通确认","原设计固定值 -，新系统需确认"
"JZT-03","采购入库计划下发","本方→九州通","请求字段","单据头","operator_id","运营方ID","是","待九州通确认",""
"JZT-03","采购入库计划下发","本方→九州通","请求字段","单据头","con_id","委托方ID","是","待九州通确认",""
"JZT-03","采购入库计划下发","本方→九州通","请求字段","单据头","ldc_id","物流中心ID","是","待九州通确认",""
"JZT-03","采购入库计划下发","本方→九州通","请求字段","单据头","businessbill_no","业务单据编号","是","待九州通确认",""
"JZT-03","采购入库计划下发","本方→九州通","请求字段","单据头","ssa_no","客户编号","是","待九州通确认",""
"JZT-03","采购入库计划下发","本方→九州通","请求字段","单据头","danjxc_side","单据下传方","是","待九州通确认","固定值 1"
"JZT-03","采购入库计划下发","本方→九州通","请求字段","明细","goods_type","产品大类","是","待九州通确认","代码值及码表待九州通确认"
"JZT-03","采购入库计划下发","本方→九州通","请求字段","单据头","arrival_mode","到货方式","是","待九州通确认","固定值 A1"
"JZT-03","采购入库计划下发","本方→九州通","请求字段","单据头","invoice_staff","制单员","是","待九州通确认",""
"JZT-03","采购入库计划下发","本方→九州通","请求字段","单据头","invoice_time","制单时间","是","待九州通确认","格式 YYYY-MM-DD HH:MM:SS"
"JZT-03","采购入库计划下发","本方→九州通","请求字段","单据头","business_type","入库类型","是","待九州通确认","业务类型按接口固定"
"JZT-03","采购入库计划下发","本方→九州通","请求字段","明细","bill_dtl_id_old","行号","是","待九州通确认",""
"JZT-03","采购入库计划下发","本方→九州通","请求字段","明细","goods_no","商品编号","是","待九州通确认",""
"JZT-03","采购入库计划下发","本方→九州通","请求字段","明细","Storage_Quantity","计划数量","否","待九州通确认",""
"JZT-03","采购入库计划下发","本方→九州通","请求字段","明细","price","单价","是","待九州通确认",""
"JZT-03","采购入库计划下发","本方→九州通","请求字段","明细","amount","金额，例","是","待九州通确认",""
"JZT-03","采购入库计划下发","本方→九州通","请求字段","明细","acceptance_check_rlt","验收评定","是","待九州通确认","业务代码，原设计下发默认 3"
"JZT-04","采购退货出库计划下发","本方→九州通","请求字段","单据头","Operator_Id","运营方ID","是","待九州通确认",""
"JZT-04","采购退货出库计划下发","本方→九州通","请求字段","单据头","Con_Id","委托方ID","是","待九州通确认",""
"JZT-04","采购退货出库计划下发","本方→九州通","请求字段","单据头","Ldc_Id","物流中心ID","是","待九州通确认",""
"JZT-04","采购退货出库计划下发","本方→九州通","请求字段","单据头","Biz_Bill_No","业务单据编号","是","待九州通确认",""
"JZT-04","采购退货出库计划下发","本方→九州通","请求字段","单据头","Ssa_No","客户编号","是","待九州通确认",""
"JZT-04","采购退货出库计划下发","本方→九州通","请求字段","单据头","address","供应商地址","是","待九州通确认",""
"JZT-04","采购退货出库计划下发","本方→九州通","请求字段","单据头","concat_name","联系人","是","待九州通确认",""
"JZT-04","采购退货出库计划下发","本方→九州通","请求字段","单据头","concat_phone","联系电话","是","待九州通确认",""
"JZT-04","采购退货出库计划下发","本方→九州通","请求字段","明细","Goods_Type","产品大类","是","待九州通确认","代码值及码表待九州通确认"
"JZT-04","采购退货出库计划下发","本方→九州通","请求字段","单据头","Outbound_Mode","出库方式","是","待九州通确认","出库方式固定值 2"
"JZT-04","采购退货出库计划下发","本方→九州通","请求字段","单据头","Takegoods_Mode","提货方式","是","待九州通确认","3/4，具体代码含义待九州通确认"
"JZT-04","采购退货出库计划下发","本方→九州通","请求字段","单据头","Invoice_Staff","制单员","是","待九州通确认",""
"JZT-04","采购退货出库计划下发","本方→九州通","请求字段","单据头","Invoice_Time","制单时间","是","待九州通确认","格式 YYYY-MM-DD HH:MM:SS"
"JZT-04","采购退货出库计划下发","本方→九州通","请求字段","单据头","Sale_Type","销售类型","是","待九州通确认","销售类型按接口固定"
"JZT-04","采购退货出库计划下发","本方→九州通","请求字段","明细","Bill_Dtl_Id","行号","是","待九州通确认",""
"JZT-04","采购退货出库计划下发","本方→九州通","请求字段","明细","Goods_No","商品编号","是","待九州通确认",""
"JZT-04","采购退货出库计划下发","本方→九州通","请求字段","单据头","Instorebill_No","购进入库单号","是","待九州通确认","不可为空"
"JZT-04","采购退货出库计划下发","本方→九州通","请求字段","明细","Goods_Lotno","商品批号","是","待九州通确认","不可为空"
"JZT-04","采购退货出库计划下发","本方→九州通","请求字段","明细","Production_Date","生产日期","是","待九州通确认","格式 YYYY-MM-DD；不可为空"
"JZT-04","采购退货出库计划下发","本方→九州通","请求字段","明细","Valid_Until","有效期","是","待九州通确认","格式 YYYY-MM-DD；不可为空"
"JZT-04","采购退货出库计划下发","本方→九州通","请求字段","明细","Outnbound_Quantity","出库数量","是","待九州通确认",""
"JZT-04","采购退货出库计划下发","本方→九州通","请求字段","明细","price","单价","否","待九州通确认",""
"JZT-04","采购退货出库计划下发","本方→九州通","请求字段","明细","amount","金额，例","否","待九州通确认",""
"JZT-04","采购退货出库计划下发","本方→九州通","请求字段","单据头","Aging","时效","是","待九州通确认","固定值 24"
"JZT-04","采购退货出库计划下发","本方→九州通","请求字段","单据头","Is_Sceneprint","是否现场打印","是","待九州通确认","Y/N，默认值按接口定义"
"JZT-04","采购退货出库计划下发","本方→九州通","请求字段","单据头","Is_Receipt","是否回单","是","待九州通确认","Y/N，默认值按接口定义"
"JZT-04","采购退货出库计划下发","本方→九州通","请求字段","单据头","Rp_Reasons","退货原因","是","待九州通确认",""
"JZT-04","采购退货出库计划下发","本方→九州通","请求字段","单据头","Rp_Cate","退货类别","是","待九州通确认","退货类别代码，码表待九州通确认"
"JZT-04","采购退货出库计划下发","本方→九州通","请求字段","单据头","DefinedVarHdr9","临时字段","是","待九州通确认",""
"JZT-05","销售出库计划下发","本方→九州通","请求字段","单据头","operator_id","运营方ID","是","待九州通确认",""
"JZT-05","销售出库计划下发","本方→九州通","请求字段","单据头","con_id","委托方ID","是","待九州通确认",""
"JZT-05","销售出库计划下发","本方→九州通","请求字段","单据头","ldc_id","物流中心ID","是","待九州通确认",""
"JZT-05","销售出库计划下发","本方→九州通","请求字段","单据头","Biz_Bill_No","业务单据编号","是","待九州通确认",""
"JZT-05","销售出库计划下发","本方→九州通","请求字段","单据头","ssa_no","客户编号","是","待九州通确认",""
"JZT-05","销售出库计划下发","本方→九州通","请求字段","明细","goods_type","产品大类","是","待九州通确认","代码值及码表待九州通确认"
"JZT-05","销售出库计划下发","本方→九州通","请求字段","单据头","Outbound_Mode","出库方式","是","待九州通确认","出库方式固定值 2"
"JZT-05","销售出库计划下发","本方→九州通","请求字段","单据头","Takegoods_Mode","提货方式","是","待九州通确认","3/4，具体代码含义待九州通确认"
"JZT-05","销售出库计划下发","本方→九州通","请求字段","单据头","invoice_staff","制单员","是","待九州通确认",""
"JZT-05","销售出库计划下发","本方→九州通","请求字段","单据头","invoice_time","制单时间","是","待九州通确认","格式 YYYY-MM-DD HH:MM:SS"
"JZT-05","销售出库计划下发","本方→九州通","请求字段","单据头","Remarks","备注","否","待九州通确认",""
"JZT-05","销售出库计划下发","本方→九州通","请求字段","单据头","Sale_Type","销售类型","是","待九州通确认","销售类型按接口固定"
"JZT-05","销售出库计划下发","本方→九州通","请求字段","单据头","address","地址","否","待九州通确认",""
"JZT-05","销售出库计划下发","本方→九州通","请求字段","单据头","concat_name","联系人","否","待九州通确认",""
"JZT-05","销售出库计划下发","本方→九州通","请求字段","单据头","concat_phone","联系电话","否","待九州通确认",""
"JZT-05","销售出库计划下发","本方→九州通","请求字段","明细","Bill_Dtl_Id","行号","是","待九州通确认",""
"JZT-05","销售出库计划下发","本方→九州通","请求字段","明细","goods_no","商品编号","是","待九州通确认",""
"JZT-05","销售出库计划下发","本方→九州通","请求字段","明细","goods_lotno","商品批号","否","待九州通确认","不可为空"
"JZT-05","销售出库计划下发","本方→九州通","请求字段","明细","production_date","生产日期","否","待九州通确认","格式 YYYY-MM-DD；不可为空"
"JZT-05","销售出库计划下发","本方→九州通","请求字段","明细","valid_until","有效期","否","待九州通确认","格式 YYYY-MM-DD；不可为空"
"JZT-05","销售出库计划下发","本方→九州通","请求字段","明细","Outnbound_Quantity","出库数量","是","待九州通确认",""
"JZT-05","销售出库计划下发","本方→九州通","请求字段","明细","Price","单价","否","待九州通确认",""
"JZT-05","销售出库计划下发","本方→九州通","请求字段","明细","Amount","金额","否","待九州通确认",""
"JZT-05","销售出库计划下发","本方→九州通","请求字段","明细","Settleup_Price","折扣单价","否","待九州通确认",""
"JZT-05","销售出库计划下发","本方→九州通","请求字段","单据头","Aging","时效","是","待九州通确认","固定值 24"
"JZT-05","销售出库计划下发","本方→九州通","请求字段","单据头","Is_Sceneprint","是否现场打印","是","待九州通确认","Y/N，默认值按接口定义"
"JZT-05","销售出库计划下发","本方→九州通","请求字段","单据头","Is_Receipt","是否回单","是","待九州通确认","Y/N，默认值按接口定义"
"JZT-05","销售出库计划下发","本方→九州通","请求字段","单据头","DISPATCHING_TYPE","调度类型","否","待九州通确认",""
"JZT-05","销售出库计划下发","本方→九州通","请求字段","单据头","DefinedVarHdr9","临时字段","否","待九州通确认",""
"JZT-06","销售退货入库计划下发","本方→九州通","请求字段","单据头","operator_id","运营方ID","是","待九州通确认",""
"JZT-06","销售退货入库计划下发","本方→九州通","请求字段","单据头","con_id","委托方ID","是","待九州通确认",""
"JZT-06","销售退货入库计划下发","本方→九州通","请求字段","单据头","ldc_id","物流中心ID","是","待九州通确认",""
"JZT-06","销售退货入库计划下发","本方→九州通","请求字段","单据头","businessbill_no","业务单据编号","是","待九州通确认",""
"JZT-06","销售退货入库计划下发","本方→九州通","请求字段","单据头","ssa_no","客户编号","是","待九州通确认",""
"JZT-06","销售退货入库计划下发","本方→九州通","请求字段","明细","goods_type","产品大类","是","待九州通确认","代码值及码表待九州通确认"
"JZT-06","销售退货入库计划下发","本方→九州通","请求字段","单据头","business_type","入库类型","是","待九州通确认","业务类型按接口固定"
"JZT-06","销售退货入库计划下发","本方→九州通","请求字段","单据头","danjxc_side","单据下传方","是","待九州通确认","固定值 1"
"JZT-06","销售退货入库计划下发","本方→九州通","请求字段","单据头","arrival_mode","到货方式","是","待九州通确认","固定值 A1"
"JZT-06","销售退货入库计划下发","本方→九州通","请求字段","单据头","invoice_staff","制单员","是","待九州通确认",""
"JZT-06","销售退货入库计划下发","本方→九州通","请求字段","单据头","invoice_time","制单时间","是","待九州通确认","格式 YYYY-MM-DD HH:MM:SS"
"JZT-06","销售退货入库计划下发","本方→九州通","请求字段","明细","bill_dtl_id_old","行号","是","待九州通确认",""
"JZT-06","销售退货入库计划下发","本方→九州通","请求字段","明细","goods_no","商品编号","是","待九州通确认",""
"JZT-06","销售退货入库计划下发","本方→九州通","请求字段","明细","goods_lotno","商品批号","是","待九州通确认","不可为空"
"JZT-06","销售退货入库计划下发","本方→九州通","请求字段","明细","production_date","生产日期","是","待九州通确认","格式 YYYY-MM-DD；不可为空"
"JZT-06","销售退货入库计划下发","本方→九州通","请求字段","明细","valid_until","有效期","是","待九州通确认","格式 YYYY-MM-DD；不可为空"
"JZT-06","销售退货入库计划下发","本方→九州通","请求字段","明细","Storage_Quantity","计划数量","否","待九州通确认",""
"JZT-06","销售退货入库计划下发","本方→九州通","请求字段","明细","Price","单价","是","待九州通确认",""
"JZT-06","销售退货入库计划下发","本方→九州通","请求字段","明细","Amount","金额","是","待九州通确认",""
"JZT-06","销售退货入库计划下发","本方→九州通","请求字段","明细","acceptance_check_rlt","验收评定","是","待九州通确认","业务代码，原设计下发默认 3"
"JZT-06","销售退货入库计划下发","本方→九州通","请求字段","明细","rp_reasons","退货原因","是","待九州通确认",""
"JZT-07","采购入库结果查询","九州通→本方","查询参数","查询","Operator_Id","运营方ID","是","待九州通确认",""
"JZT-07","采购入库结果查询","九州通→本方","查询参数","查询","Con_Id","委托方ID","是","待九州通确认",""
"JZT-07","采购入库结果查询","九州通→本方","查询参数","查询","Ldc_Id","物流中心ID","是","待九州通确认",""
"JZT-07","采购入库结果查询","九州通→本方","查询参数","查询","Businessbill_No","业务单据编号","是","待九州通确认",""
"JZT-07","采购入库结果查询","九州通→本方","查询参数","查询","Business_Type","业务类型","是","待九州通确认","业务类型按接口固定"
"JZT-07","采购入库结果查询","九州通→本方","查询参数","查询","Invoice_Staff","Invoice_Staff","是","待九州通确认",""
"JZT-07","采购入库结果查询","九州通→本方","返回字段","返回记录","Bill_Hdr_Id","单据ID","是","待九州通确认",""
"JZT-07","采购入库结果查询","九州通→本方","返回字段","返回记录","Bill_Dtl_Id","行号","是","待九州通确认",""
"JZT-07","采购入库结果查询","九州通→本方","返回字段","返回记录","Operator_Id","运营方ID","否","待九州通确认",""
"JZT-07","采购入库结果查询","九州通→本方","返回字段","返回记录","Con_Id","委托方ID","否","待九州通确认",""
"JZT-07","采购入库结果查询","九州通→本方","返回字段","返回记录","Ldc_Id","物流中心ID","否","待九州通确认",""
"JZT-07","采购入库结果查询","九州通→本方","返回字段","返回记录","Biz_Bill_No","业务单据编号","是","待九州通确认","不可为空"
"JZT-07","采购入库结果查询","九州通→本方","返回字段","返回记录","Bill_Dtl_Id_Old","客户原始行号","是","待九州通确认","不可为空"
"JZT-07","采购入库结果查询","九州通→本方","返回字段","返回记录","Ssa_No","客户编号","是","待九州通确认","不可为空"
"JZT-07","采购入库结果查询","九州通→本方","返回字段","返回记录","Goods_No","商品编号","是","待九州通确认","不可为空"
"JZT-07","采购入库结果查询","九州通→本方","返回字段","返回记录","Goods_Lotno","商品批号","是","待九州通确认","不可为空；批号必须与订单及实物一致"
"JZT-07","采购入库结果查询","九州通→本方","返回字段","返回记录","Production_Date","生产日期","是","待九州通确认","不可为空"
"JZT-07","采购入库结果查询","九州通→本方","返回字段","返回记录","Valid_Until","有效期","是","待九州通确认","不可为空"
"JZT-07","采购入库结果查询","九州通→本方","返回字段","返回记录","Storage_Quantity","入库数量","是","待九州通确认","不可为空；合格数量合计须与原计划一致"
"JZT-07","采购入库结果查询","九州通→本方","返回字段","返回记录","Acceptance_Check_Rlt","验收评定","是","待九州通确认","1=合格，2=不合格（查询结果）"
"JZT-07","采购入库结果查询","九州通→本方","返回字段","返回记录","Storage_Type","入库类型","否","待九州通确认",""
"JZT-07","采购入库结果查询","九州通→本方","返回字段","返回记录","Goods_Type","产品大类","否","待九州通确认","代码值及码表待九州通确认"
"JZT-07","采购入库结果查询","九州通→本方","返回字段","返回记录","Takegds_Time","接货时间","否","待九州通确认",""
"JZT-07","采购入库结果查询","九州通→本方","返回字段","返回记录","Arrival_Mode","到货方式","否","待九州通确认",""
"JZT-07","采购入库结果查询","九州通→本方","返回字段","返回记录","Tdeladdress_Id","提货地址ID","否","待九州通确认",""
"JZT-07","采购入库结果查询","九州通→本方","返回字段","返回记录","Storageaddress_Id","入库地址ID","否","待九州通确认",""
"JZT-07","采购入库结果查询","九州通→本方","返回字段","返回记录","Invoice_Staff","开票员","否","待九州通确认",""
"JZT-07","采购入库结果查询","九州通→本方","返回字段","返回记录","Invoice_Time","开票时间","否","待九州通确认",""
"JZT-07","采购入库结果查询","九州通→本方","返回字段","返回记录","Remarks","备注","否","待九州通确认",""
"JZT-07","采购入库结果查询","九州通→本方","返回字段","返回记录","Outstorebill_No","出库单号","否","待九州通确认",""
"JZT-07","采购入库结果查询","九州通→本方","返回字段","返回记录","Price","单价","否","待九州通确认",""
"JZT-07","采购入库结果查询","九州通→本方","返回字段","返回记录","Amount","金额","否","待九州通确认",""
"JZT-07","采购入库结果查询","九州通→本方","返回字段","返回记录","Acceptance_Check_Date","验收时间","否","待九州通确认",""
"JZT-07","采购入库结果查询","九州通→本方","返回字段","返回记录","Rp_Reasons","退货原因","否","待九州通确认",""
"JZT-07","采购入库结果查询","九州通→本方","返回字段","返回记录","Goods_Value","商品价值","否","待九州通确认",""
"JZT-07","采购入库结果查询","九州通→本方","返回字段","返回记录","Kilometers","公里数","否","待九州通确认",""
"JZT-07","采购入库结果查询","九州通→本方","返回字段","返回记录","Aging","时效","否","待九州通确认","固定值 24"
"JZT-07","采购入库结果查询","九州通→本方","返回字段","返回记录","Receiving_Clerk","收货员","否","待九州通确认",""
"JZT-07","采购入库结果查询","九州通→本方","返回字段","返回记录","Quality_Inspector","质检员","否","待九州通确认",""
"JZT-07","采购入库结果查询","九州通→本方","返回字段","返回记录","InstoreBill_No_LMIS","LMIS作业单号","否","待九州通确认",""
"JZT-07","采购入库结果查询","九州通→本方","返回字段","返回记录","Sterilization_Lotno","灭菌批号","否","待九州通确认",""
"JZT-07","采购入库结果查询","九州通→本方","返回字段","返回记录","Bill_Dtl_Id_jzyc","九州通明细ID","否","待九州通确认",""
"JZT-07","采购入库结果查询","九州通→本方","返回字段","返回记录","Auditor","单据审核人","否","待九州通确认",""
"JZT-07","采购入库结果查询","九州通→本方","返回字段","返回记录","Auditor_Time","审核时间","否","待九州通确认",""
"JZT-07","采购入库结果查询","九州通→本方","返回字段","返回记录","Qualified_Qty","验收合格数量","否","待九州通确认",""
"JZT-07","采购入库结果查询","九州通→本方","返回字段","返回记录","UnQualified_Qty","验收不合格数量","否","待九州通确认",""
"JZT-07","采购入库结果查询","九州通→本方","返回字段","返回记录","SpotCheck_Qty","抽检数量","否","待九州通确认",""
"JZT-07","采购入库结果查询","九州通→本方","返回字段","返回记录","Treatment_Measures","处理措施","否","待九州通确认",""
"JZT-07","采购入库结果查询","九州通→本方","返回字段","返回记录","Transport_Mode","运输方式(工具)","否","待九州通确认",""
"JZT-07","采购入库结果查询","九州通→本方","返回字段","返回记录","Tprt_Mode","温控方式","否","待九州通确认",""
"JZT-07","采购入库结果查询","九州通→本方","返回字段","返回记录","Tprt_Record","到货温度(验收温度)","否","待九州通确认",""
"JZT-07","采购入库结果查询","九州通→本方","返回字段","返回记录","recorderNo","记录仪型号或编号","否","待九州通确认",""
"JZT-07","采购入库结果查询","九州通→本方","返回字段","返回记录","TRANSPORT_TIME","启运时间","否","待九州通确认",""
"JZT-07","采购入库结果查询","九州通→本方","返回字段","返回记录","Departure_Address","启运地点","否","待九州通确认",""
"JZT-07","采购入库结果查询","九州通→本方","返回字段","返回记录","Vehicle_No","车牌号","否","待九州通确认",""
"JZT-07","采购入库结果查询","九州通→本方","返回字段","返回记录","Transport_Ssa","运输单位","否","待九州通确认",""
"JZT-07","采购入库结果查询","九州通→本方","返回字段","返回记录","OutPackingCheck","外包装检查","否","待九州通确认",""
"JZT-07","采购入库结果查询","九州通→本方","返回字段","返回记录","LabelCheck","标签检查","否","待九州通确认",""
"JZT-07","采购入库结果查询","九州通→本方","返回字段","返回记录","SpecificationsCheck","说明书检查","否","待九州通确认",""
"JZT-07","采购入库结果查询","九州通→本方","返回字段","返回记录","VisForeignMatter","可见异物检查","否","待九州通确认",""
"JZT-07","采购入库结果查询","九州通→本方","返回字段","返回记录","Is_Stock","是否记账","否","待九州通确认",""
"JZT-07","采购入库结果查询","九州通→本方","返回字段","返回记录","Receiving_Result","收货结论","否","待九州通确认",""
"JZT-08","采购退货出库结果查询","九州通→本方","查询参数","查询","Operator_Id","运营方ID","是","待九州通确认",""
"JZT-08","采购退货出库结果查询","九州通→本方","查询参数","查询","Con_Id","委托方ID","是","待九州通确认",""
"JZT-08","采购退货出库结果查询","九州通→本方","查询参数","查询","Businessbill_No","业务单据编号","是","待九州通确认",""
"JZT-08","采购退货出库结果查询","九州通→本方","查询参数","查询","Sale_Type","销售类型","是","待九州通确认","销售类型按接口固定"
"JZT-08","采购退货出库结果查询","九州通→本方","查询参数","查询","Invoice_Staff","Invoice_Staff","是","待九州通确认",""
"JZT-08","采购退货出库结果查询","九州通→本方","返回字段","返回记录","Ldc_Id","物流中心ID","否","待九州通确认",""
"JZT-08","采购退货出库结果查询","九州通→本方","返回字段","返回记录","Con_Id","委托方ID","否","待九州通确认",""
"JZT-08","采购退货出库结果查询","九州通→本方","返回字段","返回记录","Operator_Id","运营方ID","否","待九州通确认",""
"JZT-08","采购退货出库结果查询","九州通→本方","返回字段","返回记录","Bill_Hdr_Id","九州通单据ID","是","待九州通确认","不可为空"
"JZT-08","采购退货出库结果查询","九州通→本方","返回字段","返回记录","Bill_Dtl_Id","行号","是","待九州通确认","不可为空"
"JZT-08","采购退货出库结果查询","九州通→本方","返回字段","返回记录","Biz_Bill_No","业务单据编号","是","待九州通确认","不可为空"
"JZT-08","采购退货出库结果查询","九州通→本方","返回字段","返回记录","Bill_Dtl_Id_Old","行号","是","待九州通确认","不可为空"
"JZT-08","采购退货出库结果查询","九州通→本方","返回字段","返回记录","Goods_No","商品编号","是","待九州通确认","不可为空"
"JZT-08","采购退货出库结果查询","九州通→本方","返回字段","返回记录","Ssa_No","客户编号","是","待九州通确认","不可为空"
"JZT-08","采购退货出库结果查询","九州通→本方","返回字段","返回记录","Outnbound_Quantity","出库数量","是","待九州通确认","不可为空"
"JZT-08","采购退货出库结果查询","九州通→本方","返回字段","返回记录","Goods_Lotno","商品批号","是","待九州通确认","不可为空；批号必须与订单及实物一致"
"JZT-08","采购退货出库结果查询","九州通→本方","返回字段","返回记录","Valid_Until","有效期","是","待九州通确认","不可为空"
"JZT-08","采购退货出库结果查询","九州通→本方","返回字段","返回记录","Production_Date","生产日期","是","待九州通确认","不可为空"
"JZT-08","采购退货出库结果查询","九州通→本方","返回字段","返回记录","Goods_Type","产品大类","否","待九州通确认","代码值及码表待九州通确认"
"JZT-08","采购退货出库结果查询","九州通→本方","返回字段","返回记录","Outbound_Mode","出库方式","否","待九州通确认","出库方式固定值 2"
"JZT-08","采购退货出库结果查询","九州通→本方","返回字段","返回记录","Virtual_Storehouse_No","仓库编号","否","待九州通确认",""
"JZT-08","采购退货出库结果查询","九州通→本方","返回字段","返回记录","Original_Bill_No","合同单号","否","待九州通确认",""
"JZT-08","采购退货出库结果查询","九州通→本方","返回字段","返回记录","Businessman","业务员","否","待九州通确认",""
"JZT-08","采购退货出库结果查询","九州通→本方","返回字段","返回记录","DefinedVarHdr2","备用字段2","否","待九州通确认",""
"JZT-08","采购退货出库结果查询","九州通→本方","返回字段","返回记录","DefinedVarHdr3","备用字段3","否","待九州通确认",""
"JZT-08","采购退货出库结果查询","九州通→本方","返回字段","返回记录","Delivery_Address_Id","送货地址ID","否","待九州通确认",""
"JZT-08","采购退货出库结果查询","九州通→本方","返回字段","返回记录","Outbaddress_Id","出库地址ID","否","待九州通确认",""
"JZT-08","采购退货出库结果查询","九州通→本方","返回字段","返回记录","Invoice_Staff","开票员","否","待九州通确认",""
"JZT-08","采购退货出库结果查询","九州通→本方","返回字段","返回记录","Invoice_Time","开票时间","否","待九州通确认",""
"JZT-08","采购退货出库结果查询","九州通→本方","返回字段","返回记录","Remarks","备注","否","待九州通确认",""
"JZT-08","采购退货出库结果查询","九州通→本方","返回字段","返回记录","Sale_Type","销售类型","否","待九州通确认","销售类型按接口固定"
"JZT-08","采购退货出库结果查询","九州通→本方","返回字段","返回记录","Delivery_Time","送货日期","否","待九州通确认",""
"JZT-08","采购退货出库结果查询","九州通→本方","返回字段","返回记录","Instorebill_No","购进入库单号","否","待九州通确认",""
"JZT-08","采购退货出库结果查询","九州通→本方","返回字段","返回记录","Price","单价","否","待九州通确认",""
"JZT-08","采购退货出库结果查询","九州通→本方","返回字段","返回记录","Goods_Value","商品价值","否","待九州通确认",""
"JZT-08","采购退货出库结果查询","九州通→本方","返回字段","返回记录","Aging","时效","否","待九州通确认","固定值 24"
"JZT-08","采购退货出库结果查询","九州通→本方","返回字段","返回记录","Kilometers","公里数","否","待九州通确认",""
"JZT-08","采购退货出库结果查询","九州通→本方","返回字段","返回记录","Is_Receipt","是否回单","否","待九州通确认","Y/N，默认值按接口定义"
"JZT-08","采购退货出库结果查询","九州通→本方","返回字段","返回记录","Is_Sceneprint","是否现场打印","否","待九州通确认","Y/N，默认值按接口定义"
"JZT-08","采购退货出库结果查询","九州通→本方","返回字段","返回记录","Rp_Reasons","退货原因","否","待九州通确认",""
"JZT-08","采购退货出库结果查询","九州通→本方","返回字段","返回记录","Rp_Cate","退货类别","否","待九州通确认","退货类别代码，码表待九州通确认"
"JZT-08","采购退货出库结果查询","九州通→本方","返回字段","返回记录","Recheck_Staff","复核员","否","待九州通确认",""
"JZT-08","采购退货出库结果查询","九州通→本方","返回字段","返回记录","Stock_Status","库存状态","否","待九州通确认",""
"JZT-08","采购退货出库结果查询","九州通→本方","返回字段","返回记录","Amount","金额","否","待九州通确认",""
"JZT-08","采购退货出库结果查询","九州通→本方","返回字段","返回记录","Is_Reversion","是否冲红","否","待九州通确认",""
"JZT-08","采购退货出库结果查询","九州通→本方","返回字段","返回记录","Bill_Dtl_Id_Jzyc","九州云仓ID 唯一键","否","待九州通确认",""
"JZT-09","销售出库结果查询","九州通→本方","查询参数","查询","Operator_Id","运营方ID","是","待九州通确认",""
"JZT-09","销售出库结果查询","九州通→本方","查询参数","查询","Con_Id","委托方ID","是","待九州通确认",""
"JZT-09","销售出库结果查询","九州通→本方","查询参数","查询","Businessbill_No","业务单据编号","是","待九州通确认",""
"JZT-09","销售出库结果查询","九州通→本方","查询参数","查询","Sale_Type","销售类型","是","待九州通确认","销售类型按接口固定"
"JZT-09","销售出库结果查询","九州通→本方","查询参数","查询","Invoice_Staff","开票员","是","待九州通确认",""
"JZT-09","销售出库结果查询","九州通→本方","返回字段","返回记录","Operator_Id","运营方ID","否","待九州通确认",""
"JZT-09","销售出库结果查询","九州通→本方","返回字段","返回记录","Con_Id","委托方ID","否","待九州通确认",""
"JZT-09","销售出库结果查询","九州通→本方","返回字段","返回记录","Ldc_Id","物流中心ID","否","待九州通确认",""
"JZT-09","销售出库结果查询","九州通→本方","返回字段","返回记录","Bill_Hdr_Id","单据ID","是","待九州通确认","不可为空"
"JZT-09","销售出库结果查询","九州通→本方","返回字段","返回记录","Bill_Dtl_Id","行号","是","待九州通确认","不可为空"
"JZT-09","销售出库结果查询","九州通→本方","返回字段","返回记录","Biz_Bill_No","业务单据编号","是","待九州通确认","不可为空"
"JZT-09","销售出库结果查询","九州通→本方","返回字段","返回记录","Bill_Dtl_Id_Old","行号","是","待九州通确认","不可为空"
"JZT-09","销售出库结果查询","九州通→本方","返回字段","返回记录","Ssa_No","客户编号","是","待九州通确认","不可为空"
"JZT-09","销售出库结果查询","九州通→本方","返回字段","返回记录","Outnbound_Quantity","出库数量","是","待九州通确认","不可为空"
"JZT-09","销售出库结果查询","九州通→本方","返回字段","返回记录","Goods_No","商品编号","是","待九州通确认","不可为空"
"JZT-09","销售出库结果查询","九州通→本方","返回字段","返回记录","Goods_Lotno","商品批号","是","待九州通确认","不可为空；批号必须与订单及实物一致"
"JZT-09","销售出库结果查询","九州通→本方","返回字段","返回记录","Production_Date","生产日期","是","待九州通确认","不可为空"
"JZT-09","销售出库结果查询","九州通→本方","返回字段","返回记录","Valid_Until","有效期","是","待九州通确认","不可为空"
"JZT-09","销售出库结果查询","九州通→本方","返回字段","返回记录","Goods_Type","产品大类","否","待九州通确认","代码值及码表待九州通确认"
"JZT-09","销售出库结果查询","九州通→本方","返回字段","返回记录","Delivery_Time","送货日期","否","待九州通确认",""
"JZT-09","销售出库结果查询","九州通→本方","返回字段","返回记录","Outbound_Mode","出库方式","否","待九州通确认","出库方式固定值 2"
"JZT-09","销售出库结果查询","九州通→本方","返回字段","返回记录","Virtual_Storehouse_No","仓库编号","否","待九州通确认",""
"JZT-09","销售出库结果查询","九州通→本方","返回字段","返回记录","Original_Bill_No","合同单号","否","待九州通确认",""
"JZT-09","销售出库结果查询","九州通→本方","返回字段","返回记录","Businessman","业务员","否","待九州通确认",""
"JZT-09","销售出库结果查询","九州通→本方","返回字段","返回记录","DefinedVarHdr2","备用字段2","否","待九州通确认",""
"JZT-09","销售出库结果查询","九州通→本方","返回字段","返回记录","DefinedVarHdr3","备用字段3","否","待九州通确认",""
"JZT-09","销售出库结果查询","九州通→本方","返回字段","返回记录","Outbaddress_Id","出库地址ID","否","待九州通确认",""
"JZT-09","销售出库结果查询","九州通→本方","返回字段","返回记录","Delivery_Address_Id","送货地址ID","否","待九州通确认",""
"JZT-09","销售出库结果查询","九州通→本方","返回字段","返回记录","Invoice_Staff","开票员","否","待九州通确认",""
"JZT-09","销售出库结果查询","九州通→本方","返回字段","返回记录","Invoice_Time","开票时间","否","待九州通确认",""
"JZT-09","销售出库结果查询","九州通→本方","返回字段","返回记录","Remarks","备注","否","待九州通确认",""
"JZT-09","销售出库结果查询","九州通→本方","返回字段","返回记录","Sale_Type","销售类型","否","待九州通确认","销售类型按接口固定"
"JZT-09","销售出库结果查询","九州通→本方","返回字段","返回记录","Instorebill_No","购进入库单号","否","待九州通确认",""
"JZT-09","销售出库结果查询","九州通→本方","返回字段","返回记录","Price","单价","否","待九州通确认",""
"JZT-09","销售出库结果查询","九州通→本方","返回字段","返回记录","Goods_Value","商品价值","否","待九州通确认",""
"JZT-09","销售出库结果查询","九州通→本方","返回字段","返回记录","Kilometers","公里数","否","待九州通确认",""
"JZT-09","销售出库结果查询","九州通→本方","返回字段","返回记录","Aging","时效","否","待九州通确认","固定值 24"
"JZT-09","销售出库结果查询","九州通→本方","返回字段","返回记录","Is_Sceneprint","是否现场打印","否","待九州通确认","Y/N，默认值按接口定义"
"JZT-09","销售出库结果查询","九州通→本方","返回字段","返回记录","Is_Receipt","是否回单","否","待九州通确认","Y/N，默认值按接口定义"
"JZT-09","销售出库结果查询","九州通→本方","返回字段","返回记录","Rp_Cate","退货类别","否","待九州通确认","退货类别代码，码表待九州通确认"
"JZT-09","销售出库结果查询","九州通→本方","返回字段","返回记录","Rp_Reasons","退货原因","否","待九州通确认",""
"JZT-09","销售出库结果查询","九州通→本方","返回字段","返回记录","Recheck_Staff","复核员","否","待九州通确认",""
"JZT-09","销售出库结果查询","九州通→本方","返回字段","返回记录","Amount","金额","否","待九州通确认",""
"JZT-09","销售出库结果查询","九州通→本方","返回字段","返回记录","Stock_Status","库存状态","否","待九州通确认",""
"JZT-09","销售出库结果查询","九州通→本方","返回字段","返回记录","Is_Reversion","是否冲红","否","待九州通确认",""
"JZT-09","销售出库结果查询","九州通→本方","返回字段","返回记录","Bill_Dtl_Id_jzyc","九州云仓ID","否","待九州通确认",""
"JZT-10","销售退货入库结果查询","九州通→本方","查询参数","查询","Operator_Id","运营方ID","是","待九州通确认",""
"JZT-10","销售退货入库结果查询","九州通→本方","查询参数","查询","Con_Id","委托方ID","是","待九州通确认",""
"JZT-10","销售退货入库结果查询","九州通→本方","查询参数","查询","Businessbill_No","业务单据编号","是","待九州通确认",""
"JZT-10","销售退货入库结果查询","九州通→本方","查询参数","查询","Business_Type","业务类型","是","待九州通确认","业务类型按接口固定"
"JZT-10","销售退货入库结果查询","九州通→本方","查询参数","查询","Invoice_Staff","开票员","是","待九州通确认",""
"JZT-10","销售退货入库结果查询","九州通→本方","返回字段","返回记录","Operator_Id","运营方ID","否","待九州通确认",""
"JZT-10","销售退货入库结果查询","九州通→本方","返回字段","返回记录","Con_Id","委托方ID","否","待九州通确认",""
"JZT-10","销售退货入库结果查询","九州通→本方","返回字段","返回记录","Ldc_Id","物流中心ID","否","待九州通确认",""
"JZT-10","销售退货入库结果查询","九州通→本方","返回字段","返回记录","Bill_Hdr_Id","单据ID","是","待九州通确认","不可为空"
"JZT-10","销售退货入库结果查询","九州通→本方","返回字段","返回记录","Bill_Dtl_Id","行号","是","待九州通确认","不可为空"
"JZT-10","销售退货入库结果查询","九州通→本方","返回字段","返回记录","Biz_Bill_No","业务单据编号","是","待九州通确认","不可为空"
"JZT-10","销售退货入库结果查询","九州通→本方","返回字段","返回记录","Bill_Dtl_Id_Old","行号","是","待九州通确认",""
"JZT-10","销售退货入库结果查询","九州通→本方","返回字段","返回记录","Ssa_No","客户编号","是","待九州通确认","不可为空"
"JZT-10","销售退货入库结果查询","九州通→本方","返回字段","返回记录","Goods_No","商品编号","是","待九州通确认","不可为空"
"JZT-10","销售退货入库结果查询","九州通→本方","返回字段","返回记录","Goods_Lotno","商品批号","是","待九州通确认","不可为空；批号必须与订单及实物一致"
"JZT-10","销售退货入库结果查询","九州通→本方","返回字段","返回记录","Production_Date","生产日期","是","待九州通确认","不可为空"
"JZT-10","销售退货入库结果查询","九州通→本方","返回字段","返回记录","Valid_Until","有效期","是","待九州通确认","不可为空"
"JZT-10","销售退货入库结果查询","九州通→本方","返回字段","返回记录","Acceptance_Check_Rlt","验收评定","是","待九州通确认","不可为空；1=合格，2=不合格（查询结果）"
"JZT-10","销售退货入库结果查询","九州通→本方","返回字段","返回记录","Storage_Quantity","入库数量","是","待九州通确认","不可为空"
"JZT-10","销售退货入库结果查询","九州通→本方","返回字段","返回记录","Storehouse_No","库房编号","否","待九州通确认",""
"JZT-10","销售退货入库结果查询","九州通→本方","返回字段","返回记录","Arrival_Mode","到货方式","否","待九州通确认",""
"JZT-10","销售退货入库结果查询","九州通→本方","返回字段","返回记录","Tdeladdress_Id","提货地址ID","否","待九州通确认",""
"JZT-10","销售退货入库结果查询","九州通→本方","返回字段","返回记录","Storageaddress_Id","入库地址ID","否","待九州通确认",""
"JZT-10","销售退货入库结果查询","九州通→本方","返回字段","返回记录","Takegds_Time","接货时间","否","待九州通确认",""
"JZT-10","销售退货入库结果查询","九州通→本方","返回字段","返回记录","Invoice_Staff","开票员","否","待九州通确认",""
"JZT-10","销售退货入库结果查询","九州通→本方","返回字段","返回记录","Invoice_Time","开票时间","否","待九州通确认",""
"JZT-10","销售退货入库结果查询","九州通→本方","返回字段","返回记录","Remarks","备注","否","待九州通确认",""
"JZT-10","销售退货入库结果查询","九州通→本方","返回字段","返回记录","Storage_Type","入库类型","否","待九州通确认",""
"JZT-10","销售退货入库结果查询","九州通→本方","返回字段","返回记录","Outstorebill_No","出库单号","否","待九州通确认",""
"JZT-10","销售退货入库结果查询","九州通→本方","返回字段","返回记录","Price","单价","否","待九州通确认",""
"JZT-10","销售退货入库结果查询","九州通→本方","返回字段","返回记录","Amount","金额","否","待九州通确认",""
"JZT-10","销售退货入库结果查询","九州通→本方","返回字段","返回记录","Acceptance_Check_Date","Acceptance_Check_Date","否","待九州通确认",""
"JZT-10","销售退货入库结果查询","九州通→本方","返回字段","返回记录","Rp_Reasons","退货原因","否","待九州通确认",""
"JZT-10","销售退货入库结果查询","九州通→本方","返回字段","返回记录","Goods_Value","商品价值","否","待九州通确认",""
"JZT-10","销售退货入库结果查询","九州通→本方","返回字段","返回记录","Kilometers","公里数","否","待九州通确认",""
"JZT-10","销售退货入库结果查询","九州通→本方","返回字段","返回记录","Aging","时效","否","待九州通确认","固定值 24"
"JZT-10","销售退货入库结果查询","九州通→本方","返回字段","返回记录","Receiving_Clerk","收货员","否","待九州通确认",""
"JZT-10","销售退货入库结果查询","九州通→本方","返回字段","返回记录","Quality_Inspector","质检员","否","待九州通确认",""
"JZT-10","销售退货入库结果查询","九州通→本方","返回字段","返回记录","InstoreBill_No_LMIS","LMIS作业单号","否","待九州通确认",""
"JZT-10","销售退货入库结果查询","九州通→本方","返回字段","返回记录","Sterilization_Lotno","灭菌批号","否","待九州通确认",""
"JZT-10","销售退货入库结果查询","九州通→本方","返回字段","返回记录","Bill_Dtl_Id_jzyc","九州云仓ID","否","待九州通确认",""
"JZT-10","销售退货入库结果查询","九州通→本方","返回字段","返回记录","Auditor","审核人","否","待九州通确认",""
"JZT-10","销售退货入库结果查询","九州通→本方","返回字段","返回记录","Auditor_Time","审核时间","否","待九州通确认",""
"JZT-10","销售退货入库结果查询","九州通→本方","返回字段","返回记录","Qualified_Qty","验收合格数量","否","待九州通确认",""
"JZT-10","销售退货入库结果查询","九州通→本方","返回字段","返回记录","UnQualified_Qty","验收不合格数量","否","待九州通确认",""
"JZT-10","销售退货入库结果查询","九州通→本方","返回字段","返回记录","SpotCheck_Qty","抽检数量","否","待九州通确认",""
"JZT-10","销售退货入库结果查询","九州通→本方","返回字段","返回记录","Treatment_Measures","处理措施","否","待九州通确认",""
"JZT-10","销售退货入库结果查询","九州通→本方","返回字段","返回记录","Transport_Mode","运输方式(工具)","否","待九州通确认",""
"JZT-10","销售退货入库结果查询","九州通→本方","返回字段","返回记录","Tprt_Mode","温控方式","否","待九州通确认",""
"JZT-10","销售退货入库结果查询","九州通→本方","返回字段","返回记录","Tprt_Record","到货温度(验收温度)","否","待九州通确认",""
"JZT-10","销售退货入库结果查询","九州通→本方","返回字段","返回记录","recorderNo","记录仪型号或编号","否","待九州通确认",""
"JZT-10","销售退货入库结果查询","九州通→本方","返回字段","返回记录","TRANSPORT_TIME","启运时间","否","待九州通确认",""
"JZT-10","销售退货入库结果查询","九州通→本方","返回字段","返回记录","Departure_Address","启运地点","否","待九州通确认",""
"JZT-10","销售退货入库结果查询","九州通→本方","返回字段","返回记录","Vehicle_No","车牌号","否","待九州通确认",""
"JZT-10","销售退货入库结果查询","九州通→本方","返回字段","返回记录","Transport_Ssa","运输单位","否","待九州通确认",""
"JZT-10","销售退货入库结果查询","九州通→本方","返回字段","返回记录","OutPackingCheck","外包装检查","否","待九州通确认",""
"JZT-10","销售退货入库结果查询","九州通→本方","返回字段","返回记录","LabelCheck","标签检查","否","待九州通确认",""
"JZT-10","销售退货入库结果查询","九州通→本方","返回字段","返回记录","SpecificationsCheck","说明书检查","否","待九州通确认",""
"JZT-10","销售退货入库结果查询","九州通→本方","返回字段","返回记录","VisForeignMatter","可见异物检查","否","待九州通确认",""
"JZT-10","销售退货入库结果查询","九州通→本方","返回字段","返回记录","Is_Stock","是否记账","否","待九州通确认",""
"JZT-10","销售退货入库结果查询","九州通→本方","返回字段","返回记录","Receiving_Result","收货结论","否","待九州通确认",""
"JZT-10","销售退货入库结果查询","九州通→本方","返回字段","返回记录","Rejection_Reasons","不合格原因","否","待九州通确认",""
"JZT-11","运输记录查询","九州通→本方","查询参数","查询","Operator_Id","运营方ID","是","待九州通确认",""
"JZT-11","运输记录查询","九州通→本方","查询参数","查询","Con_Id","委托方ID","是","待九州通确认",""
"JZT-11","运输记录查询","九州通→本方","查询参数","查询","Ldc_Id","物流中心ID","是","待九州通确认",""
"JZT-11","运输记录查询","九州通→本方","查询参数","查询","Businessbill_No","单据编号","否","待九州通确认",""
"JZT-11","运输记录查询","九州通→本方","查询参数","查询","Start_Date","开始日期","是","待九州通确认",""
"JZT-11","运输记录查询","九州通→本方","查询参数","查询","End_Date","结束日期","是","待九州通确认",""
"JZT-11","运输记录查询","九州通→本方","查询参数","查询","begin_index","页码(偏移量)","否","待九州通确认","分页偏移量"
"JZT-11","运输记录查询","九州通→本方","查询参数","查询","page_size","每页条目数","否","待九州通确认","每页条目数"
"JZT-11","运输记录查询","九州通→本方","返回字段","返回记录","ssa_no","单位编号","否","待九州通确认",""
"JZT-11","运输记录查询","九州通→本方","返回字段","返回记录","ssa_name","单位名称","否","待九州通确认",""
"JZT-11","运输记录查询","九州通→本方","返回字段","返回记录","contact_name","联系人","否","待九州通确认",""
"JZT-11","运输记录查询","九州通→本方","返回字段","返回记录","contact_phone","联系人电话","否","待九州通确认",""
"JZT-11","运输记录查询","九州通→本方","返回字段","返回记录","address","收货地址","否","待九州通确认",""
"JZT-11","运输记录查询","九州通→本方","返回字段","返回记录","fh_address","发货地址","否","待九州通确认",""
"JZT-11","运输记录查询","九州通→本方","返回字段","返回记录","invoice_time","开票时间","否","待九州通确认",""
"JZT-11","运输记录查询","九州通→本方","返回字段","返回记录","created_time","指令生成时间","否","待九州通确认",""
"JZT-11","运输记录查询","九州通→本方","返回字段","返回记录","businessbill_no","单据编号","否","待九州通确认",""
"JZT-11","运输记录查询","九州通→本方","返回字段","返回记录","goods_type","商品类型","否","待九州通确认","代码值及码表待九州通确认"
"JZT-11","运输记录查询","九州通→本方","返回字段","返回记录","remarks","单据备注","否","待九州通确认",""
"JZT-11","运输记录查询","九州通→本方","返回字段","返回记录","totalbox_num","总件数","否","待九州通确认",""
"JZT-11","运输记录查询","九州通→本方","返回字段","返回记录","goods_no","商品编号","否","待九州通确认",""
"JZT-11","运输记录查询","九州通→本方","返回字段","返回记录","goods_name","商品名称","否","待九州通确认",""
"JZT-11","运输记录查询","九州通→本方","返回字段","返回记录","universal_name","通用名","否","待九州通确认",""
"JZT-11","运输记录查询","九州通→本方","返回字段","返回记录","drug_spec","药品规格","否","待九州通确认",""
"JZT-11","运输记录查询","九州通→本方","返回字段","返回记录","drug_cate","药品大类","否","待九州通确认",""
"JZT-11","运输记录查询","九州通→本方","返回字段","返回记录","manufacturer","生产企业","否","待九州通确认",""
"JZT-11","运输记录查询","九州通→本方","返回字段","返回记录","package_unit","包装单位","否","待九州通确认",""
"JZT-11","运输记录查询","九州通→本方","返回字段","返回记录","package_qty","包装数量","否","待九州通确认",""
"JZT-11","运输记录查询","九州通→本方","返回字段","返回记录","marketingauthorisationholder","上市许可持有人","否","待九州通确认",""
"JZT-11","运输记录查询","九州通→本方","返回字段","返回记录","lot_no","批号","否","待九州通确认",""
"JZT-11","运输记录查询","九州通→本方","返回字段","返回记录","production_date","生产日期","否","待九州通确认",""
"JZT-11","运输记录查询","九州通→本方","返回字段","返回记录","valid_until","有效期至","否","待九州通确认",""
"JZT-11","运输记录查询","九州通→本方","返回字段","返回记录","price","单价","否","待九州通确认",""
"JZT-11","运输记录查询","九州通→本方","返回字段","返回记录","actual_qty","数量","否","待九州通确认",""
"JZT-11","运输记录查询","九州通→本方","返回字段","返回记录","actual_pcs","件数","否","待九州通确认",""
"JZT-11","运输记录查询","九州通→本方","返回字段","返回记录","fh_time","发货时间","否","待九州通确认",""
"JZT-11","运输记录查询","九州通→本方","返回字段","返回记录","cc_time","出车时间","否","待九州通确认",""
"JZT-11","运输记录查询","九州通→本方","返回字段","返回记录","qs_time","签收时间","否","待九州通确认",""
"JZT-11","运输记录查询","九州通→本方","返回字段","返回记录","deliveryloading_no","装车单号","否","待九州通确认",""
"JZT-11","运输记录查询","九州通→本方","返回字段","返回记录","transport_staff_name","配送员","否","待九州通确认",""
"JZT-11","运输记录查询","九州通→本方","返回字段","返回记录","driver_staff_name","司机","否","待九州通确认",""
"JZT-11","运输记录查询","九州通→本方","返回字段","返回记录","vehicle_no","车牌号","否","待九州通确认",""
"JZT-11","运输记录查询","九州通→本方","返回字段","返回记录","carrier_name","承运单位","否","待九州通确认",""
"JZT-11","运输记录查询","九州通→本方","返回字段","返回记录","delivery_mode","配送方式","否","待九州通确认",""
"JZT-11","运输记录查询","九州通→本方","返回字段","返回记录","transport_tool","运输工具","否","待九州通确认",""
"JZT-11","运输记录查询","九州通→本方","返回字段","返回记录","transport_level","运输级别","否","待九州通确认",""
"JZT-11","运输记录查询","九州通→本方","返回字段","返回记录","transport_mode","运输方式","否","待九州通确认",""
"JZT-11","运输记录查询","九州通→本方","返回字段","返回记录","starttransport_temp","启运温度","否","待九州通确认",""
"JZT-11","运输记录查询","九州通→本方","返回字段","返回记录","endtransport_temp","到货温度","否","待九州通确认",""
"JZT-11","运输记录查询","九州通→本方","返回字段","返回记录","Consign_No","快递单号","否","待九州通确认",""
"JZT-11","运输记录查询","九州通→本方","返回字段","返回记录","Agent_Name","经办人","否","待九州通确认",""
"JZT-11","运输记录查询","九州通→本方","返回字段","返回记录","Storage_Condition","运输及贮存条件","否","待九州通确认",""
